time,frequency,midi
1.250000000000000069e-02,0.000000000000000000e+00,0.000000000000000000e+00
3.749999999999999861e-02,0.000000000000000000e+00,0.000000000000000000e+00
