time,frequency,midi
1.247165532879818649e-02,0.000000000000000000e+00,0.000000000000000000e+00
3.741496598639455773e-02,0.000000000000000000e+00,0.000000000000000000e+00
